<?xml version="1.0" encoding="UTF-8"?>
<extension type="package" version="4.0" method="upgrade">
	<name>pkg_ldap_plugins</name>
	<packagename>ldap_plugins</packagename>
	<version>5.0</version>
	<authorEmail>jbrailas@rns-systems.eu</authorEmail>
	<authorUrl>www.rns-systems.eu</authorUrl>
	<author>Shaun Maunder</author>
	<edited_by>Giannis Brailas</edited_by>
	<packagerurl>http://www.shmanic.com/tool/jmapmyldap/file.php?name=pkg_ldap_plugins.zip</packagerurl>
	<buildDate>Wed Dec 20 18:47:50 2024</buildDate>
	<description>PKG_LDAP_PLUGINS_DESCRIPTION</description>
	<files>
		<file type="plugin" id="creation" group="ldap">plg_ldap_creation.zip</file>
		<file type="plugin" id="deletion" group="ldap">plg_ldap_deletion.zip</file>
		<file type="plugin" id="injection" group="ldap">plg_ldap_injection.zip</file>
		<file type="plugin" id="mapping" group="ldap">plg_ldap_mapping.zip</file>
		<file type="plugin" id="password" group="ldap">plg_ldap_password.zip</file>
		<file type="plugin" id="profile" group="ldap">plg_ldap_profile.zip</file>
	</files>
	<languages>
		<language tag="en-GB">language/en-GB/en-GB.pkg_ldap_plugins.ini</language>
		<language tag="en-GB">language/en-GB/en-GB.pkg_ldap_plugins.sys.ini</language>
	</languages>
</extension>
